track,source,url,coverage,reliability,licensing,automation_difficulty,refresh_frequency,confidence,recommendation
brewery,United Breweries Limited — official investor PDF: Kingfisher Smooth Karnataka launch (SEBI Reg 30 filing + press release),https://www.unitedbreweries.com/pdf/Material%20Events/Regulation%2030%20SEBI%20(LODR)%20Regulation%202015%20-%20Launch%20of%20Kingfisher%20Smooth-Karnataka.pdf,,,,,"Filed per product launch, irregular (multiple per year)",High,Excellent structured source for launch-event data; monitor unitedbreweries.com/pdf/Material Events/ folder for new filings.
brewery,United Breweries Limited — official investor PDF: Kingfisher Ultra Max Draught Beer Karnataka launch,https://www.unitedbreweries.com/pdf/Material%20Events/Regulation%2030%20SEBI%20(LODR)%20Regulations%202015%20-%20Launch%20of%20Kingfisher%20Ultra%20Max%20Draught%20Beer.pdf,,,,,,High,
brewery,"United Breweries Limited — official investor PDF: Kingfisher Ultra Witbier launch (brewed in Mysore, Karnataka)",https://www.unitedbreweries.com/pdf/Material%20Events/Launch%20of%20Kingfisher%20Ultra%20Witbier.pdf,,,,,,High,
brewery,United Breweries Limited — official website (age-gated; sitemap),https://www.unitedbreweries.com,,,,,,Medium,Use the /pdf/Material Events/ regulatory-filing PDFs as the reliable machine-readable data source instead of the marketing site.
brewery,Heineken India — official product page: Heineken Original,https://www.heineken.com/in/en/our-products/heineken-original/,,,,,,High,
brewery,Heineken India — official product page: Heineken Silver,https://www.heineken.com/in/en/our-products/heineken-silver/,,,,,,High,
brewery,Heineken India — official product page: Heineken 0.0,https://www.heineken.com/in/en/our-products/heineken-0-0/,,,,,,High,
brewery,Heineken India — products index,https://www.heineken.com/in/en/our-products/,,,,,,High,
brewery,AB InBev India — official site (age gate only),https://abinbevindia.in/,,,,,,Medium,
brewery,AB InBev global — Our Brands page,https://www.ab-inbev.com/our-brands,,,,,,Medium,
brewery,Deccan Herald — 'Beer maker AB InBev to expand operations in Karnataka',https://www.deccanherald.com/india/karnataka/beer-maker-ab-inbev-to-expand-operations-in-karnataka-1168832.html,,,,,,Low,
brewery,Precize.in — 'AB InBev plans Rs 400 Cr investment to expand its operations in Karnataka',https://precize.in/unlistedsharesnews/ab-inbev-plans-rs-400-cr-investment-to-expand-its-operations-in-karnataka,,,,,,Medium,
brewery,Carlsberg India — official Products/Tuborg page,https://www.carlsbergindia.com/our-products/beers-you-love/tuborg/,,,,,,Medium,
brewery,Carlsberg India — official Tuborg Green product page,https://www.carlsbergindia.com/products/tuborg/tuborg-green/,,,,,,High,
brewery,Carlsberg India — official newsroom: Mysuru can-line inauguration,https://www.carlsbergindia.com/latest-news/carlsberg-india-inaugurates-new-can-line-at-mysuru-brewery/,,,,,,High,
brewery,Bira91 — official domain (bira91.com),https://bira91.com/,,,,,,High,"Re-check bira91.com periodically; use stores.bira91taproom.com or Wikipedia as interim references, clearly labeled as non-primary."
brewery,Wikipedia — Bira 91,https://en.wikipedia.org/wiki/Bira_91,,,,,,Medium,
brewery,Simba Beer — official site (simbabeer.com),https://simbabeer.com,,,,,,High,
brewery,Simba Beer — official 'Our Beers' page,https://simbabeer.com/our-beers/,,,,,,Medium,
brewery,"Livcheers — Simba price listing, Bangalore",https://www.livcheers.com/bangalore/brand/simba,,,,,,Medium,
brewery,unsobered.com — Simba beer guide (third-party),https://unsobered.com/simba,,,,,,Low,
brewery,Geist Brewing Co. — official site (geist.in),https://www.geist.in,,,,,,Medium,
brewery,Geist Brewing Co. — official locations page,https://www.geist.in/locations,,,,,,High,
brewery,Arbor Brewing Company India — official site (arborbrewing.in),https://www.arborbrewing.in,,,,,,High,
brewery,Toit — official beer listing page,https://toit.in/beer/,,,,,,Medium,
brewery,Toit — official product page: Banger Lager,https://toit.in/beer/banger-lager/,,,,,,High,
brewery,Toit — official product page: Basmati Blonde,https://toit.in/beer/toit-basmati-blonde/,,,,,,High,
brewery,Mount Everest Breweries — official STOK product page,https://mounteverestbreweries.com/products/stok/,,,,,,High,
brewery,STOK India — official homepage (stokindia.com),https://stokindia.com,,,,,,Medium,
brewery,Brewer World — 'STOK Beer Debuts in Bengaluru with a Chill-Focused Launch',https://www.brewer-world.com/stok-beer-debuts-in-bengaluru-with-a-chill-focused-launch/,,,,,,Medium,
brewery,Goa Brewing Co. — official site (goabrewing.co),https://goabrewing.co,,,,,,Low,
brewery,Byg Brewski — official 'Packages' page,https://bygbrewski.com/packages/,,,,,,Medium,
brewery,Windmills Craftworks — official site (windmills-india.com),https://windmills-india.com/index.html,,,,,,High,
brewery,Murphy's official global site (Heineken UK),https://www.heineken.co.uk/murphys,,,,,,Low,"Flag to product team: verify whether 'Murphy's' in the ValueBrew brief refers to the Irish Stout brand (no confirmed India retail presence found) or the Bengaluru brewpub venue 'Murphy's Brewhouse' (a bar, not a packaged-beer brewery)."
brewery,GS1 India — official site,https://www.gs1india.org/,,,,,,Medium,"No brewery researched was found to publish GTIN/UPC/barcode numbers on its own official website or catalogue. This should be treated as a confirmed data gap across the entire brand set, not just an omission from this report."
retail,Madhuloka (madhuloka.com),https://www.madhuloka.com/,"Full liquor range: Beer, Brandy, Gin, Rum, Vodka, Wine, Whisky, Absinthe, Liqueur, Sake, Tequila, plus Offers/Combo/New-Arrivals categories. Beer category verified at https://www.madhuloka.com/shop/category/beer-3 with ~103 unique beer SKUs across 6 pages (20/page, last page partial).","High for the pages actually fetched (all HTTP 200, consistent structure).",Unknown — no explicit terms-of-use for scraping observed; robots.txt does not disallow any paths.,"Medium — no JSON/REST/GraphQL API discovered (tested /shop/autocomplete, /website/products/autocomplete, /shop/products/autocomplete, /shop/search as POST JSON-RPC — all returned Odoo's generic 404 page). Category and product pages are server-rendered plain HTML (Odoo eCommerce/website_sale module), so scraping is feasible via HTML parsing; pagination is path-based (/shop/category/beer-3/page/N) which is easy to iterate. Product detail pages carry schema.org microdata (itemprop=name/price/priceCurrency/offers) but no JSON-LD block.",Unknown/unverified — sitemap.xml (https://www.madhuloka.com/sitemap.xml) shows only one URL (contactus) with a <lastmod> (2024-10-14); product pages have no lastmod so freshness can't be confirmed from the sitemap alone.,High,"Best primary source. Crawl the sitemap.xml for the full product URL list (1,603 shop URLs observed, includes non-beer categories), then parse category pages (paginated, 20 items/page) and product detail pages (has price via itemprop=price/oe_currency_value, product name, image). Respect robots.txt (currently fully permissive) and set a reasonable crawl delay since no explicit crawl-delay is specified."
retail,Living Liquidz,https://www.livingliquidz.com/,Unknown — site is non-operational at time of check.,Not usable right now.,Unknown.,N/A currently.,N/A — not live.,High,Do not build against this source today; recheck periodically in case service is restored.
retail,Tonique (tonique.in),https://tonique.in/price-list/,"Single price-list page mixes multiple alcohol types (Beer, Whisky, Vodka, etc. all confirmed present as text) for what is nominally a Hyderabad/Bangalore/Pune-serving retailer per page title ('Tonique - Asia's Largest Liquor Boutique | Hyderabad | Bangalore I Pune'), but the fetched HTML showed no city-specific tabs/sections (only 4 occurrences of 'Hyderabad' as plain text, 0 of 'Bangalore'/'Bengaluru' in the body I fetched) — so it is unclear/unverified whether Bangalore-specific pricing is actually distinguished anywhere on this page.","Medium — page loads reliably (200) but content appeared to include placeholder/legacy text ('Price list coming soon') alongside real price rows (e.g. '₹400.00' next to 'Amsterdam Navigator Beer 500 Ml'), so trustworthiness of the live price data is uncertain.","Unknown, robots.txt is permissive (Allow: /).","Medium-High — the price list is one big static HTML <table> (633 <tr> rows found) embedded directly in a WordPress/Elementor page, not paged or filterable; no WooCommerce product API found (only default WP core/plugin REST routes — Akismet, Contact Form 7, Jetpack — were present at /wp-json/, no /wc/ namespace). Scraping means parsing one large HTML table.",Page shows dateModified 2023-04-10T07:29:08+00:00 in its Yoast JSON-LD schema and og:description text 'Price list coming soon' — suggests this page may be stale/placeholder as of my fetch.,Medium,Low-to-medium priority; usable only as a supplementary/cross-check source given uncertain freshness and lack of Bangalore-specific structure. Re-verify before relying on prices.
retail,Online Alcohol (onlinealcohol.in),https://onlinealcohol.in/wp-json/wc/store/v1/products?category=20,"Full liquor range via WooCommerce categories (verified via GET https://onlinealcohol.in/wp-json/wc/store/v1/products/categories): Beer (12), Champagne (5), Cigarettes (6), Gin (19), Red Wine (7), Rum (18), Tequila (10), Vodka (35), Whisky (89), White Wine (1), Wine (63), Uncategorized (3) — beer is a small fraction of total catalogue. Has a Bangalore-specific landing page (https://onlinealcohol.in/online-alcohol/bangalore/, verified reachable, title 'Online Alcohol Bangalore | Liquor Store Bangalore', mentions Beer/Vodka/Whisky in body text).","High for the calls made — consistent 200s, well-formed JSON, X-WP-Total/X-WP-TotalPages headers present for pagination.","Unknown — no explicit API terms observed; robots.txt (fetched at https://onlinealcohol.in/robots.txt) disallows only WooCommerce log/transient/upload paths and add-to-cart query strings, does not disallow /wp-json/.","Low — genuine structured JSON API confirmed: GET /wp-json/wc/store/v1/products/categories and /wp-json/wc/store/v1/products?category=<id>&per_page=<n> both return clean JSON (id, name, slug, permalink, prices.price/currency_code, images, etc.). This is the easiest catalogue to automate against of all sites checked.","Unknown/unverified — no lastmod data checked; homepage response showed 'age: 156578' and 'x-hcdn-cache-status: HIT' (Hostinger CDN cache), suggesting the homepage itself may be served from a long-lived cache, but the JSON API responses I hit were not going through that same cached path (200 fresh responses, X-WP-Total header present).",High,"Strong secondary/complementary source specifically because it has a real, low-friction JSON API — good for cross-validating prices/SKUs found on Madhuloka, though its beer selection (12 SKUs) is much smaller than Madhuloka's (~103)."
retail,Beer Basket (beerbasket.in),https://beerbasket.in/type/domestic-indian-beer/,"Claims delivery in 'Chattisgarh, Delhi, Haryana, Jharkhand, Karnataka, Maharastra, Odisha & Punjab' per homepage text, and has a dedicated /liquor-home-delivery-in-karnataka/ page (verified reachable, 200) — but I did not find explicit Bangalore-city text within the fetched Karnataka page body, so Bangalore-specific coverage (vs. state-wide/other-Karnataka-cities) is an inference, not confirmed. Beer taxonomy verified at https://beerbasket.in/type/domestic-indian-beer/ (16+ SKUs on one page incl. Kingfisher variants, Budweiser, Carlsberg, Corona, Foster's) — the /product-category/beer/ URL 301-redirects to an image file (broken Yoast redirect), so the taxonomy is filed under /type/ not /product-category/.",Medium — category HTML pages reliable; JSON product API unreliable (broken).,"robots.txt (fetched at https://beerbasket.in/robots.txt) disallows some WooCommerce query-string variants (?add-to-cart=, ?orderby=, ?filter=, price range params) and /wp-admin/, allows admin-ajax.php; does not disallow /type/ or /product/ paths or /wp-json/.","Medium — WooCommerce Store API partially broken: GET /wp-json/wc/store/v1/products/categories works (200, returns Beer category id=136 with description), but GET /wp-json/wc/store/v1/products (with or without category filter) consistently returned HTTP 500 (WordPress error page) across 3 repeated attempts — this looks like a server-side bug/misconfiguration on their end rather than deliberate API blocking, since the sibling categories endpoint works fine. Fallback is HTML scraping of /type/<slug>/ taxonomy pages, which do render full WooCommerce product loops with prices.",Unknown/unverified.,Medium,"Lower priority than Madhuloka/Online Alcohol — site has significant low-quality SEO cruft (dozens of near-duplicate '/alcohol-delivery-in-<city>' pages including many US city names like Alexander-City, Anniston, Auburn — suggesting a template mill rather than a curated retailer), and its own product JSON API is broken. Useful only as a tertiary cross-check for beer SKU names/prices."
retail,Livcheers (livcheers.com),https://www.livcheers.com/bangalore,"Homepage/Bangalore page text mentions 'Beer' (6x) and 'Kingfisher' (3x/4x case variants) confirming beer is part of the catalogue, and a city-scoped URL pattern (/bangalore) is confirmed to return a Bangalore-titled page (verified: title tag includes '| Bangalore'). However this is a Next.js client-rendered app — no product JSON, price data, or catalogue structure was visible in the static HTML I fetched (data likely loads via client-side JS calls to an API not observable through a plain curl fetch).",Cannot assess catalogue reliability without seeing real product data.,"robots.txt explicitly disallows /admin, /dashboard, and /api/ for all user agents, and fully blocks a long list of named SEO/scraping bots (SemrushBot, AhrefsBot, MJ12bot, GPTBot, Bytespider, CensysInspect, etc.) — a clear, explicit signal that this operator does not want automated crawling of any kind.","High (as directly observed) — static HTML fetch shows only Next.js chunk script tags, no embedded product data or __NEXT_DATA__ JSON blob was found in the page I retrieved; would require a JS-executing fetch or reverse-engineering underlying API calls (robots.txt disallows /api/ for all bots, fetched at https://www.livcheers.com/robots.txt), which is a real obstacle even if endpoints were found by other means.",Unknown.,Low,Not recommended for automation given explicit /api/ disallow and the extensive bot-blocklist in robots.txt — pursuing this further would mean disregarding the site's stated crawling policy.
barcode,GS1 India — official site (homepage),https://www.gs1india.org,"National (India) GTIN issuance authority, not a product-lookup database",Official government-linked standards body,,,unknown,High,
barcode,GS1 India — Register for Barcodes page,https://www.gs1india.org/register-for-barcodes,,,"N/A — registration service, not data licensing",,,High,"Primary route for ValueBrew or beer manufacturers to obtain/verify GTIN registration status, but does not provide third-party lookup"
barcode,GS1 India Barcode/GCP Fee Structure PDF (effective 1 Oct 2025),https://admin.gs1india.org/uploads/GCP_Barcodes_Fee_structure_effective_from_Oct_2025_34e8624051.pdf,,,,,Stated 'effective from 1st Oct 2025' — will need re-check periodically as GS1 India revises fees,High,
barcode,GS1 India — DataKart service page,https://www.gs1india.org/services/datakart,,,Not publicly documented; brand owners upload their own data,,,High,Contact GS1 India (implementation@gs1india.org / registration@gs1india.org) to negotiate a 'DataKart for Solution Providers' commercial data-access arrangement — pricing/terms not public
barcode,GS1 India — GTIN Validation service page,https://www.gs1india.org/services/gtin-validation,,,,"High for programmatic/API use — appears to be a manual web form + email-based bulk process, not a documented REST API",,High,
barcode,"UPCitemdb — API documentation/pricing (devs.upcitemdb.com, plan page)",https://www.upcitemdb.com/wp/docs/main/development/plan/,Confirmed NO coverage for the 4 Indian beer barcodes tested — claims 718M+ global UPC/EAN entries overall but this did not translate to Indian beer coverage in this sample,"Established/long-running lookup service, but this specific vertical (Indian beer) is a coverage gap","Non-refundable monthly subscription; ToS (fetched from upcitemdb.com/terms) grants a 'limited, non-exclusive, non-transferable' license for the customer's own operations — did not find explicit resale/redistribution prohibition language in the excerpt retrieved, but standard SaaS terms imply no redistribution rights",,,High,
barcode,Go-UPC — Barcode API pricing page,https://go-upc.com/api,Partial but meaningfully better than UPCitemdb for this Indian-beer sample (4/5 vs 0/4) — inferred (not confirmed) that Go-UPC aggregates from crowdsourced/open sources similar to Open Food Facts rather than direct GS1 feeds,Medium-High for coverage; but commercial redistribution use is explicitly restricted by ToS,"Verified via fetch of go-upc.com/terms-and-conditions/ (dated 19 Mar 2025): explicitly PROHIBITS reselling, redistributing, or making the Service or Product Data publicly available, and prohibits replicating/mimicking the UI; data is 'a limited, non-exclusive subscription' with no ownership transfer — meaningful constraint for ValueBrew if the intent is to republish barcode data in its own database",,,High,
barcode,Barcode Lookup (barcodelookup.com),https://www.barcodelookup.com,,,,,,Low,
barcode,Open Food Facts (world.openfoodfacts.org) — free/open crowdsourced product database,https://world.openfoodfacts.org,"Confirmed non-zero, real coverage of Indian beer SKUs incl. major national brands (Kingfisher/United Breweries, Tuborg/Carlsberg India, Budweiser/AB InBev India) and craft brand Bira 91; craft brand 'Bira 91' searched by that exact term returned 0 results (the correct listed brand name in OFF is 'Bira', not 'Bira 91') — a naming/normalization caveat","Crowdsourced, non-profit; site's own terms explicitly disclaim guarantee of accuracy/completeness — data should be treated as a useful seed/cross-reference, not authoritative","Verified via fetch of world.openfoodfacts.org/terms-of-use: database structure under Open Database License (ODbL), individual data contents under Database Contents License, images under CC BY-SA — all explicitly described as free licenses permitting commercial use and reproduction, subject to attribution and share-alike for derivative works.","Low — simple documented REST/JSON API, rate-limited (encountered intermittent 503s without a descriptive User-Agent header; a real, identifying UA is recommended per site guidance of '1 API call = 1 real scan')",,High,"Best currently-verified free, commercially-reusable data source for cross-referencing Indian beer GTINs; ValueBrew should treat it as a bootstrap/seed source, not a sole source of truth, and should independently verify against manufacturer packaging/GS1 registration where stakes are high"
barcode,Wikipedia — List of GS1 country codes,https://en.wikipedia.org/wiki/List_of_GS1_country_codes,,"Wikipedia — generally reliable for this kind of standardized reference fact but not a primary GS1 source; cross-checked against gs1india.org's own claim of being 'the only authorised body...to provide barcodes starting with 890', which matches",,,,Medium,
open_dataset,Open Food Facts (world.openfoodfacts.org),https://world.openfoodfacts.org/product/8905002180007/kingfisher-beer,"Global open food/beverage database. Verified live: ""Kingfisher Beer"" entry exists (brand Kingfisher, country India, quantity 650ml, category Lagers, barcode 8905002180007). ABV/nutriments/price fields are empty on this entry. Combined keyword (""beer"") + country=India search via legacy API (https://world.openfoodfacts.org/cgi/search.pl) returned 26 hits, of which ~14 were genuinely beer-category after manual filtering (some hits mistagged, e.g. a Cadbury chocolate bar tagged ""Beers""). Confirmed additional India beer entries: ""Boom"" by Bira (8908005126324, category Beers, country India, via https://world.openfoodfacts.org/api/v2/product/8908005126324.json), Tuborg Strong Beer, Budweiser (India), Haywards, Anchor White, Kimaya Himalayan ""yavira."" Total India-tagged products on OFF (any category): 22,320, verified via CGI search count field.","Medium — API was intermittently unstable during this session (multiple ""Page temporarily unavailable""/""Unscheduled downtime"" responses on retries); succeeded on repeated attempts. All reported data came from calls that returned valid JSON.",Verified via https://world.openfoodfacts.org/terms-of-use: Database structure under Open Database License (ODbL) 1.0; individual contents under Database Contents License (DBCL) 1.0; images under CC BY-SA 3.0. Explicitly permits commercial use with attribution and share-alike on derivatives.,"Low for single-product lookups (stable JSON API); Medium for bulk/filtered queries — the newer search-a-licious endpoint (search.openfoodfacts.org) gave inconsistent results (0 or all-10000) for certain filter combinations, while the legacy cgi/search.pl endpoint was reliable for tag-filtered queries.",Nightly dumps/exports per OFF's official /data page (verified via fetch).,High,
open_dataset,Open Product Data (OKFN product-open-data.com / product.okfn.org),https://github.com/rufuspollock-okfn/opd-product-browser-web,"Historical OKFN project for a general public barcode/product database (not food- or alcohol-specific). No live, queryable dataset found today.",Low — homepage http://www.product-open-data.com/ returned HTTP 504 on direct curl (2026-08-05); http://product.okfn.org returned a 301 redirect with no confirmed working destination.,No license set on the main opd-product-browser-web repo (license field null per GitHub API); a sibling admin-tooling repo is MIT but that's not the data itself.,N/A — no live endpoint found.,None — inactive since ~2015 (repo pushed_at 2015-04-24 per GitHub API).,High,
open_dataset,Kaggle: Kerala BEVCO Liquor Price List (2025-2026),https://www.kaggle.com/datasets/tolstoyjustin/kerala-bevco-liquor-price-list-2025-2026,"Verified via Kaggle's public dataset-view API: official 2025-2026 price list from Kerala State Beverages Corporation (BEVCO), covering FMFL, IMFL, Beer, and Wine — over 4,300 unique items with Item Code, Brand/Description, Volume(ml), Landed Cost, Import Fee, Special Fee, Cess, Warehouse Price, Shop Price (MRP). This is Kerala, NOT Karnataka — no equivalent Karnataka dataset found on Kaggle after searching ""karnataka liquor"" and ""karnataka"" broadly.","High confidence in the metadata (directly fetched via API); did NOT download/inspect the actual CSV contents, so exact beer-brand coverage (e.g. Kingfisher/Bira presence) is unverified.",CC0: Public Domain (verified via API field licenseNameNullable).,Low — Kaggle's public list/view API worked without authentication; downloading the actual file would require a Kaggle API token (not attempted).,"Unclear, likely annual (tied to state price-circular cycle); not explicitly stated in metadata.",High,
open_dataset,Kaggle: general beer-related datasets (search results),https://www.kaggle.com/datasets/rdoume/beerreviews,"Verified via Kaggle public search API: ~20 beer-related datasets exist but nearly all are Western/craft-beer review or production datasets (Beer Reviews, Brewer's Friend Beer Recipes, Craft Beers Dataset, Beer Production, Beer Profile and Ratings, etc). None focus on India or Karnataka. Direct searches for ""Kingfisher"" and ""Bira91"" returned zero relevant results (Kingfisher search returned only unrelated bird-species datasets).",High — public API accessible without auth barrier during this session.,"Mixed per-dataset (CC0, ODbL/DBCL, CC BY 4.0, Apache 2.0, or ""Unknown"") — verified via API licenseNameNullable field per dataset.",Low — api/v1/datasets/list endpoint accessible without authentication for search/listing.,,High,
open_dataset,GitHub public repositories (beer / Indian FMCG / Karnataka excise search),https://github.com/brewdega/open-beer-database-dumps,"Searched via GitHub search API for: ""beer india dataset,"" ""indian beer dataset,"" ""open beer database,"" ""FMCG india dataset,"" ""karnataka excise,"" ""excise india dataset,"" ""kingfisher bira beer."" Found only generic Western open-beer-database projects (e.g. open-beer-database-dumps: 32 stars, last pushed 2012-08-18, license null per GitHub API), generic unrelated FMCG dashboard repos, and one ""Karnataka_excise_Licences"" repo that on inspection is just a minimal HTML/README web-app shell (5 commits, no license, no beer-brand content) — not a real dataset.","Medium — hit GitHub's unauthenticated API rate limit (60 req/hr) partway through, so a few planned follow-up queries could not run; completed queries returned consistent, verifiable results.","Varies per repo; the closest ""open beer database"" repo has license=null.",Medium — GitHub's public search API is easy to call but rate-limited (60/hr) without a token.,,High,
open_dataset,data.gov.in (Government of India Open Data Platform),https://www.data.gov.in/search?title=beer,"Directly fetched search-results pages for ""beer,"" ""alcohol,"" ""liquor,"" ""excise,"" ""Karnataka excise,"" and ""Karnataka"" — every one returned the literal text ""No Result"" in the HTML (verified by grep on fetched HTML, HTTP 200 responses). No relevant dataset currently exists on this platform.","High — direct page fetch with HTTP 200 and explicit ""No Result"" text confirmed in returned HTML.",N/A — no dataset found.,Medium — bare domain data.gov.in issues a 302 redirect to www.data.gov.in and seems to want a standard browser User-Agent header; otherwise scriptable via simple GET requests.,,High,
import_market,Volza — Global Beer and HSN Code 2203 export/import trade data page,https://www.volza.com/p/beer/hsn-code-2203/,"Global: 414,386 import + 414,386 export shipments (duplicated buyer/import totals shown), 13,603 buyers, 15,983 suppliers across 181 importing / 149 exporting countries. Free-tier shows product description, origin/destination, qty, and (sometimes) price for individual shipments, but NOT buyer/supplier company names or full bill-of-lading (paywalled).","Directly loaded and read via browser; content observed included real, dated (as recent as Jul-2025) individual shipment line items with product descriptions like 'RED STRIPE BEER 6PK', 'CORONA EXTRA 4X6', 'STOUT OR PORTER, OTHER BEER INCL ALE'.",Commercial SaaS; paid subscription required for full shipment detail incl. company names/contacts.,Unclear — no public API observed; likely requires a paid plan and possibly manual export or a vendor-provided API/bulk-download feature not directly verified.,"Page itself timestamped 25-Nov-2025; shipment rows observed up to Jul-2025 — appears to update at least monthly, though exact cadence not confirmed.",High,"Primary recommended commercial data source to evaluate further, ideally via a trial account, before committing budget."
import_market,Volza — Beer Imports in India page,https://www.volza.com/p/beer/import/import-in-india/,"India-specific: 62 import shipments, 21 buyers, 24 suppliers for TTM Jun 2024–May 2025. Free preview rows show real brand-identifiable product descriptions for shipments INTO India, e.g. 'TUSKER BEER 330ML; KENYA BREWERIES' (Kenya→India), 'SAIGON EXPORT PREMIUM BOTTLED BEER' (Vietnam→India), 'Cheetah Premium Beer', 'Camel Premium red label beer', 'Abest Premium Beer' (all Vietnam→India), 'CANNED BEER LESS THAN 350 ML' (Sri Lanka→India), 'Beer made from malt - Traditional A' (Namibia→India), 'MALT BEER... OTHER' (Ukraine→India).",Directly loaded and read via browser (accessibility tree extraction); this is the single most directly relevant and useful piece of evidence found for ValueBrew's exact use case.,Commercial SaaS; buyer/supplier company names and full bill-of-lading gated behind paid subscription.,"Same caveats as global Volza page — no public API confirmed; scraping the free-tier preview would only surface product-description text, not buyer identity, and Volza's Terms of Service (not reviewed) may restrict scraping.","Page dated 08-Apr-2026; most recent shipment row observed was 26-Jun-2025 — roughly a 9-10 month lag between newest visible free-tier shipment and page-generation date, though this may reflect the free-tier's rolling TTM window rather than true latency (unverified).",High,Test the free 7-day trial specifically filtered to India + HSN 2203 to assess real completeness and update cadence before purchasing a paid tier.
import_market,Volza Pricing page,https://www.volza.com/pricing/,"Subscription tiers observed: Free trial ($0, 7-day); Startup tier (~$1,500/yr); a 'Most Popular' mid tier (~$4,500/yr); Corporate tier (~$9,600/yr).",Directly loaded and read via browser prior to context compaction (noted in session record); not re-verified in this final pass but was directly observed earlier in the same session.,,,,High,"Budget ~$1,500-$4,500/yr as a starting estimate for a single-country/product-focused subscription; confirm exact tier limits (query volume, countries, users) before purchase."
import_market,Zauba (zauba.com) import shipment data,https://www.zauba.com/import-BEER-MADE-FROM-MALT-hs-code.html,"Historically covered India import shipment records by HS code, including beer (HSN 2203); sample records observed were dated 2013, and a separate mobile-phone HS-code sample page showed records dated Nov-2016.","Site is live and loads (after an initial Cloudflare interstitial) — directly verified via browser navigation — contradicting a literal reading of 'Zauba shut down.' However, footer text read '© 2021 Zauba.com,' and no records newer than 2016 were observed in my sampling, suggesting the data pipeline is frozen/stale rather than actively shut down.",,,,Medium,Do not rely on Zauba for current/new-brand detection; treat as historical/archival reference only pending further verification of any actual shutdown date or successor product.
import_market,DGCI&S — Data Dissemination Policy and Fee Structure,https://www.dgciskol.gov.in/data_dissemination_fee_structure.aspx,"Official aggregate export/import statistics by Commodity x Country x Port combinations; also a Web-based PIS with 2/4/6/8-digit commodity, country, and port-level data for the latest 24 months.",Directly loaded and read via browser; page states 'last modified 14/Jun/2021' but is the live official fee-structure page on the government's own domain.,"Government Priced Information System (PIS): Rs. 1.00 per output record + CD/postage; Web-PIS: Rs. 1.00/record with Rs. 1,000 registration advance (Rs. 200 minimum balance).",,Web-based PIS advertised as providing 'latest 24-months Final Export/Import Data.',High,"Useful only for aggregate beer-import trend/volume tracking (e.g., total litres of HSN 2203 imported into India per period), not for auto-discovering specific new brands or importers."
import_market,DGCI&S — FAQ page,https://dgciskol.gov.in/faq.aspx,"Confirms: 'Aggregate level trade data by Country × Commodity and Country × Port × Commodity are disseminated by the DGCI&S to the private users on payment basis. Transaction level details with the name, address of exporter/importer, commodity exported/imported etc. are NOT provided for private use.' Cost: Rs. 1/record + 10% service charge (min Rs.100) + Rs.15 CD + Rs.25 postage.",Directly loaded and read via browser (content extracted via a saved a11y-tree JSON and parsed with a Python script for size reasons); official government domain.,,,,High,"Confirms DGCI&S is a legally clean but data-quality-insufficient (aggregate only, no identity) source for this use case."
import_market,"TRADESTAT (Government of India, Ministry of Commerce)",https://tradestat.commerce.gov.in,"Free, official aggregate India export/import statistics portal; observed via Bing search result snippet dated '19 May 2026' referencing EIDB/MEIDB/FTPA modules; not independently re-loaded/read in full during this session (was verified earlier pre-compaction per session history).",Government domain; snippet-level confirmation only in this final pass.,,,,Medium,Use for high-level aggregate beer-import trend context only; not brand/importer-level.
import_market,ImportGenius — India trade data landing page,https://www.importgenius.com,"A $199 entry price point for India-related datasets was observed on an India-datasets landing page earlier in this research session (pre-compaction), but the exact scope of what that $199 tier includes (one-time report vs. subscription; HSN-2203/beer coverage specifically) was not verified in this session.","Price point directly observed on-page per prior session notes, but not re-verified in this final pass and scope/coverage remains unconfirmed.",,,,Low,Worth a follow-up trial/quote request to clarify what the $199 price actually buys before considering it further.
import_market,"Section 135AA of the Customs Act, 1962 — statutory text (via Bing AI Overview / search snippets)",https://laws.llmadvocates.com/section,"Statutory text substance (as surfaced in a Bing AI Overview I read via the browser, citing llmadvocates.com/TaxGuru): '(1) If a person publishes any information...furnished to customs by an exporter or importer...relating to the value or classification or quantity of goods entered for export or import...along with the identity of the person...[criminal penalty]. (2) Nothing contained in this section shall apply to (a) any publication made by or on behalf of the Central Government; (b) data sourced from such publication for trade trend analysis and dissemination.'","IMPORTANT CAVEAT: I could NOT directly load the primary source. The exact URL https://laws.llmadvocates.com/section-135aa-of-the-customs-act1962-protection-of-data/ returned a 404 'Not Found' page when I navigated to it directly. Similarly, https://sooperkanoon.com/customs-act-1962-section-135aa failed to load any content, https://www.indiacode.nic.in returned 403 Forbidden, taxguru.in's specific article URL 404'd, and www.taxtmi.com's bare-act URL returned 'Access denied.' The statutory text quoted above is therefore only corroborated via a Bing-generated AI Overview summary (which itself cites these sources) plus matching secondary reporting (Telegraph India headline 'Modi government gags flow of export-import data', TaxGuru headline 'Govt criminalise illicit publication of Import and Export Data', both dated Feb 2022, seen only as SERP snippets) — I did not independently load and read the full text of any of these three secondary articles either.",,,,Medium,ValueBrew should have Indian legal counsel independently verify the current text and scope of Section 135AA (and whether/how it applies to a foreign SaaS vendor like Volza reselling bill-of-lading-sourced data to an Indian company) before building a product feature that depends on importer-identity-level Indian trade data.
import_market,tpm.in article on Indian trade data publication history,https://www.tpm.in,Historical narrative on India's trade-data publication policy shifts (2004 Notification 128/2004-Customs enabling publication; 2016 Notification 140/2016-Customs ending mandatory publication; 2022 Section 135AA criminalization; Trade Notice 1/2022 restoring limited DGCI&S access for anti-dumping investigations).,Successfully fetched via WebFetch earlier in this research session (per session history); this is one of the only successful direct fetches of a secondary legal-history source. Not re-fetched in this final pass to confirm the exact URL still resolves.,,,,Medium,"Useful corroborating timeline, but should still be cross-checked against a primary legal source or counsel."
import_market,ZaubaCorp / zauba.company (company registry products — explicitly NOT trade-shipment data),https://www.zaubacorp.com,"MCA/company-registry and corporate-intelligence data, unrelated to import/export shipment records.",Observed/disambiguated during earlier browsing in this session; not re-verified in this final pass.,,,,Medium,Do not use as a substitute for Zauba's original trade-data product — it answers a different question (company registration lookup) than 'who is importing this beer brand.'
scraping_feasibility,Madhuloka (madhuloka.com),https://www.madhuloka.com/shop/category/beer-3,"Verified: robots.txt (200, allows all, lists sitemap.xml). Homepage, /shop, /shop/category/beer-3, and a product detail page (/shop/m000067-carlsberg-miracle-can-500-3401) all returned HTTP 200 with beer product names, prices in INR, brand, and size (e.g. 'Carlsberg India', '500 ml') present in the raw HTML from a plain curl request (no JS execution).",Server header identifies Odoo.sh; no Cloudflare/CAPTCHA/challenge markers observed in headers or body across ~6 fetches.,Not checked — robots.txt permits crawling broadly; no explicit scraping ToS reviewed.,"Low-Medium. BeautifulSoup/requests sufficient — content is fully server-rendered. Pagination via ?page=N query param confirmed working. Category slugs discovered for beer and other alcohol types (beer-3, whisky-7, etc). No JSON API found. Estimate: ~8-16 hours to build a working scraper; low maintenance burden expected, estimate 1-3 hrs/month.",,High,Best candidate of all sources tested for SKU-level beer price/brand/size data. Recommend prioritizing as primary retail-price source.
scraping_feasibility,KSBCL official site,https://ksbcl.karnataka.gov.in/,"Verified: ksbcl.com returns HTTP 301 redirecting to https://ksbcl.karnataka.gov.in/ (confirmed via curl -I), and that target loads (HTTP 200) with Kannada-language government portal content. robots.txt at this domain is fully open ('Disallow:' empty). Found links to PDF documents (e.g. a 'duty slab' PDF) but did not locate a page listing individual beer SKUs/prices/ABV.",No anti-bot/Cloudflare signals observed; plain government CMS.,Government site — likely public information but no explicit terms reviewed.,"Medium — HTML shell is simple/server-rendered, but useful data appears to be inside linked PDFs, requiring pdfplumber-style parsing. Estimate 16-30 hours including PDF parsing; maintenance effort uncertain (PDF structure not examined).",,Medium,"Useful for regulatory/duty/excise reference data, not confirmed useful for per-SKU beer pricing. Flag for follow-up crawl of ERP/OFS login and supplier-list sub-pages."
scraping_feasibility,livingliquidz.com,https://www.livingliquidz.com/,"Verified: every fetch attempt (www and non-www, multiple retries) returned HTTP 503 with an 'App Under Development / under maintenance' HTML page. robots.txt request also returned the same 503 maintenance page.","Consistent across retries — appears to be a genuine outage/maintenance state, not a bot block (no CAPTCHA/Cloudflare challenge markers).",,"Unknown/blocked — cannot assess DOM structure, anti-bot posture, or JS-rendering requirement while the site is down.",,High,Re-check later; cannot commit an effort estimate until the site is back up. Do not build against this source yet.
scraping_feasibility,United Breweries Limited (unitedbreweries.com),https://www.unitedbreweries.com/our-brands,"Verified: robots.txt (200) is a standard Drupal robots file. Homepage 302-redirects to /age-gate/1; the age-gate page and /our-brands both load as HTML (200) once past the redirect, but both are gated by a Drupal form (age_gate_thc_user_form) requiring a birthdate/country submission with a CSRF form_build_id token before real brand content is shown.","Cloudflare-fronted (server: cloudflare, cf-ray headers, __cf_bm and _cfuvid cookies present) but no JS 'checking your browser' challenge or CAPTCHA observed on direct curl requests — blocking mechanism observed was the Drupal age-gate form, not a bot-detection challenge.",,"Medium. Content is server-rendered (Drupal); scraper must programmatically submit the age-gate form (fetch form_build_id token, POST birthdate/country) and manage session cookies. Estimate: 12-20 hours; moderate maintenance risk if Cloudflare bot rules tighten.",,High,"Corporate/brand marketing site — verified pages show brand names/marketing copy, not confirmed to contain per-SKU pricing or ABV tables. Useful for brand metadata only."
scraping_feasibility,Bira 91 (bira91.com),https://bira91.com/,"Verified: bira91.com resolves via DNS to 13.126.12.28 (AWS) and, on repeated HTTPS fetches, consistently returned an Apache2 Ubuntu default 'It works' page rather than a Bira 91 site. A TLS certificate check (openssl s_client) showed the certificate served is for '*.ksmart.live' — an unrelated domain — indicating bira91.com's current infrastructure is not (or no longer) Bira's actual site.",N/A — target site content not actually reachable at this URL as tested.,,Cannot assess — no real Bira 91 content was retrievable at bira91.com in my testing.,,Medium,Do not build a scraper against bira91.com as given. Via search I found two unverified alternative candidate URLs that may be the current Bira 91 web presence: www.bira91.beer and stores.bira91taproom.com — these were NOT directly fetched/confirmed by me and must be independently verified before any engineering commitment.
scraping_feasibility,Kingfisher World (kingfisherworld.com),https://www.kingfisherworld.com/,"Verified: kingfisherworld.com resolves and returns HTTP 200, but the page title is 'GemGP' with meta description 'GemGP by VitalGems - General Practitioners Solutions' and author 'Health E-Solutions B.V.' — a medical/healthcare SaaS app, unrelated to Kingfisher beer.",Confirmed via direct fetch of both robots.txt and root path — same unrelated app content in both.,,N/A — wrong site.,,High,"kingfisherworld.com is not a Kingfisher-beer property. unitedbreweries.com/our-brands lists Kingfisher as a UB brand instead. I attempted https://www.kingfisherbeer.com/ and it failed to resolve/connect, so I cannot confirm any dedicated Kingfisher brand site."
scraping_feasibility,Carlsberg India (carlsbergindia.com),https://www.carlsbergindia.com/,"Verified: robots.txt (200) is an Umbraco-style file (Disallow: /umbraco/, Crawl-delay: 10, lists many Carlsberg Group country-site sitemaps including carlsbergindia.com). Homepage loads (200) with server-rendered brand copy (Carlsberg Smooth, Tuborg Classic, Tuborg Strong Lager, Tuborg Green Lager, Carlsberg Elephant Lager, with launch years and origin country). A guessed 'who-we-are/our-products' sub-path returned 404 — exact product-listing sub-page URL not found.","Cloudflare-fronted (server: cloudflare, cf-ray present) but content returned directly via plain curl with no CAPTCHA/JS-challenge encountered.",,"Low-Medium if the real product-listing URL is found (BeautifulSoup sufficient, server-rendered); estimate 8-15 hours, but exact per-brand detail page structure and ABV/size presence not verified.",,High,"Good candidate for brand metadata (names, launch year, origin) but not verified to contain retail pricing. Respect robots.txt Crawl-delay: 10 (~1 req/10s)."
scraping_feasibility,AB InBev India (abinbevindia.in),https://abinbevindia.in/,"Verified via search (duckduckgo.com/html) that abinbevindia.in is associated with AB InBev India, then directly fetched: root 302-redirects (x-redirect-by: WordPress header) to /consent/, which loads (200) with page title 'ABInBev' and a location/age 'responsible drinking' consent form listing Indian states including Karnataka.",No Cloudflare/CAPTCHA observed; server: nginx; standard WordPress redirect-based age/location gate.,,"Low-Medium — WordPress sites are typically server-rendered; consent gate appears to be a simple redirect/cookie gate, though content behind it was not fetched/verified. Estimate 8-15 hours pending verification.",,Medium,"Plausible AB InBev India site, but domain ownership was inferred only from search results, not confirmed via ab-inbev.com or a press release — treat as unconfirmed canonical domain."
scraping_feasibility,Heineken India presence (heineken.com/in/en/home),https://www.heineken.com/in/en/home,"Verified: www.heinekenindia.com failed to resolve via DNS in repeated attempts (multiple resolvers/tools) and a direct HTTPS connection to an IP found via one earlier successful DNS answer was reset. As a substitute I searched and found heineken.com/in/en/home, which returned HTTP 200 with title 'Welcome to the world of Heineken® | Heineken.com' and server-rendered (Umbraco CMS) links to /in/en/our-products/, /in/en/our-products/heineken-original/, /in/en/our-products/heineken-0-0/, /in/en/our-products/draught-beer/. robots.txt on heineken.com (200) is Umbraco-style and lists an /in/en/sitemap.xml.","No Cloudflare/CAPTCHA observed (ASP.NET/IIS-style ARRAffinity cookies present, consistent with Azure/IIS hosting).",,Low-Medium — content is server-rendered per-country subpaths; BeautifulSoup sufficient. Estimate 8-15 hours. Not confirmed to contain per-SKU pricing.,,Medium,"Use heineken.com/in/en/ as the working substitute for the requested heinekenindia.com, since the latter domain could not be reached. Flag this substitution clearly since it is a different hostname than specified."
"catalog-extraction (live, this session)","Karnataka State Beverages Corporation Limited (KSBCL) — official Government of Karnataka PSU website, Supplier-wise Item-wise Price List",https://ksbcl.karnataka.gov.in/uploads/supplier%20wise%20item%20wise%20pricing%20details%20as%20on%2030_1784703781.pdf,17 SKUs extracted this session,,,,,,"VERIFIED / SUCCESSFUL ACCESS. I first confirmed the genuine official domain via a web search: ksbcl.karnataka.gov.in resolves to ""Karnataka State Beverages Corporation Limited... Public Sector Undertaking Under Finance Dept, GOK"" with the state emblem and CM's photo (screenshot-confirmed), i.e. this is the real government site, not a lookalike. I loaded the homepage (https://ksbcl.karnataka.gov.in/en) and located, in the actual page navigation/link list, an item labeled ""IML/BEER/WINE PRICE"" which links directly to a PDF hosted on the same government domain: https://ksbcl.karnataka.gov.in/uploads/supplier%20wise%20item%20wise%20pricing%20details%20as%20on%2030_1784703781.pdf (link href extracted via a page-content fetch of the live homepage, and independently confirmed by directly downloading the file with curl). I downloaded this PDF directly (15.5 MB, 750 pages, valid PDF v1.7, produced by ""Pdftools SDK"", last modified per its own metadata Wed Jul 22 2026), ran pdftotext -layout on it, and read the extracted text myself (not a summarization by another model) using grep/sed on the raw text. The document's own header on every page reads ""KARNATAKA STATE BEVERAGES CORPORATION LIMITED — SUPPLIER-WISE ITEM WISE-PRICE LIST AS ON 30.06.2026"" with columns SR NO | ITEM NAME | ITEM CODE | EFFECTIVE DATE | DECLARED PRICE | LANDED COST | KSBCL SELLING PRICE | MRP (values in Rs.), and a footer ""This is a system generated report and does not require signature."" This is exactly the class of official MRP circular/price list requested. All SKU rows reported above (beer name, supplier/brewery name from the preceding 'Supplier :' header row, item code, effective date, and MRP) were read verbatim from this extracted text — nothing was invented or inferred from general knowledge. Fields NOT present anywhere in this document — ABV, calories, barcode/GTIN, product images, manufacturer URLs — were omitted entirely per instructions rather than guessed; I did not fetch brewery/brand websites for these attributes in this pass. I also could not open the site's internal 'Documents' or 'RTI' sections or the ERP/OFS login-gated areas (these require login and were not explored). I did not attempt ksbcl.co.in (a plausible-looking but unrelated/non-resolving domain — DNS lookup failed, confirming it is not the real site) or ksbclonline.karnataka.gov.in (an ERP login portal, not fetched) or ksbcl.com (a third-party-looking mirror found in search results but not verified/fetched — not used as a source). No robots.txt block was encountered; the PDF and homepage were both fetched successfully over HTTPS."
"catalog-extraction (live, this session)",Madhuloka (Bangalore/Karnataka liquor retailer) — Beer category,https://www.madhuloka.com/shop/category/beer-3,95 SKUs extracted this session,,,,,,"VERIFIED (High confidence, direct access): The site https://www.madhuloka.com is a standard server-rendered Odoo e-commerce storefront (not JS-gated behind an SPA), so `curl` with a normal browser User-Agent returned full HTML with product data on every page fetched — no login, geofence, or robots.txt block was encountered. I fetched: (1) the homepage, (2) the Beer category listing at https://www.madhuloka.com/shop/category/beer-3 and its pagination pages /page/2, /page/3, /page/4, /page/5 (5 pages total, ~20 products each = up to 100 listing entries, deduplicated to 95 distinct SKU listings after removing a few clearly non-beer items like SILVERCUP/Carnival Gin/Wingman/Indri Diwali that appear in the Beer category by retailer miscategorization), and (3) 25 individual product detail pages (e.g. /shop/m000067-carlsberg-miracle-can-500-3401) for a representative cross-section of brands. I did NOT fetch all ~95 individual product pages — only 25 — due to time/scope; the rest are listing-page-only data (name, price, and thumbnail image), marked Medium confidence and flagged 'detail page not fetched'. No ABV, beer style, or 'brewery' field is displayed anywhere on this site — I checked several product detail pages (e.g. Carlsberg Miracle Can) and the only structured fields shown are Country, Brand (which is actually the importer/manufacturer/brewing group, e.g. 'Ab Inbev', 'United Breweries', 'Carlsberg India', 'B9 Beverages', 'Sona Beverages', 'Diageo', 'TOIT', 'Sula Import'), and Size (ml). Any 'style' field I included (e.g. Stout, Witbier, Wheat, IPA, Blonde) is inferred purely from the product name text, not a verified site field — labeled inline as inference. Prices shown are the retailer's displayed selling price in INR on the Madhuloka Bangalore storefront; I am treating this as a reasonable proxy for Karnataka MRP per your instructions, but the site itself does not label the number as 'MRP' — it is simply the listed sale price (₹ symbol, INR currency code confirmed in page markup). Image URLs are either the site's own hosted Odoo image endpoint (https://www.madhuloka.com/web/image/product.template/<id>/image_512/... from listing pages) or the full-resolution mirror on https://mtlb.odoo.com/web/image/product.template/<id>/image_1920... found on product detail pages — both confirmed to return HTTP 200 via curl HEAD-equivalent checks on a sample. Where the listing page showed only the generic placeholder image (img_plchr_web.png, not a real product photo), I omitted image_url entirely rather than reporting a fake/generic image as if it were the product photo. No fabricated URLs, prices, ABV, or identifiers were used anywhere; every numeric price and every image/product URL in this output was read directly from fetched HTML I can point to. Several 'duplicate' product names (e.g. three separate 'HEINEKEN SILVER' listings, two 'KF STRONG TIN' listings) are genuinely distinct product IDs/slugs at different prices on the site — likely different pack sizes/variants that the category grid does not visually distinguish; I kept them as separate SKUs rather than merging, since merging would risk misrepresenting distinct catalog entries."
"catalog-extraction (live, this session)",Living Liquidz (livingliquidz.com) - accessed via Wayback Machine archive because live site was down,https://web.archive.org/web/20251215055631/https://www.livingliquidz.com/products/domestic-beers/ale?categorySlug=domestic-beers&categoryId=868,10 SKUs extracted this session,,,,,,"VERIFIED FACT: At the time of this task (fetched live), both https://www.livingliquidz.com/ and https://livingliquidz.com/ returned HTTP 503 with a ""Retry-After: 3600"" header and served a static ""App is under maintenance"" holding page (confirmed via curl and via the browser tool with a screenshot). Robots.txt on the domain likewise served the same maintenance HTML rather than an actual robots.txt. So no live crawl of the real e‑commerce site or its beer category/search pages was possible today.

To still answer the question, I used the Internet Archive Wayback Machine (web.archive.org) CDX API to find real, previously-crawled snapshots of livingliquidz.com's beer category pages and individual beer product pages, and fetched those archived HTML pages directly with curl. This is a genuine, verifiable fallback: every URL cited is a real web.archive.org snapshot URL that I actually fetched and parsed (HTTP 200), not a guess.

Location/pincode requirement: CONFIRMED from the archived pages. The site has a ""Select your City"" modal listing Popular cities Mumbai and Pune as active/selectable, and lists Bangalore (""Banglore""), Orissa, Delhi, and Chennai under ""Other cities — Coming soon..."". This means, as of the archived snapshots (2022–2025), Living Liquidz did NOT service Karnataka/Bangalore at all — it was explicitly marked ""Coming soon"" rather than an active delivery city. Consequently there is no Karnataka-specific pricing available on this site; all prices shown in the archived snapshots default to the Mumbai/Pune catalog and price list. I was not able to select a Bangalore/Karnataka location because the live site is down and the archived site itself shows Bangalore was never an active, selectable location — it likely still is not (unverified for current date, since Karnataka is still listed as ""coming soon"" in the newest snapshot I could access, dated 2025-12-15/2026-04-11).

Beer category structure (verified from archived pages): Beers > Domestic (sub-styles: Mild, Ale, Strong, Wheat) and Beers > International (sub-styles: Strong, Mild). Category URLs use a pattern like /products/domestic-beers/ale?categorySlug=<slug>&categoryId=<id>. Individual product pages use /product/<slug>/<id>.

ABV data: I searched every fetched page (5 category pages + 6 individual product pages) for ""ABV,"" ""% v/v,"" ""alc."" and similar strings and found ZERO instances. Living Liquidz's product pages/listings do not publish ABV anywhere in the visible HTML I could access — so ABV is marked unknown/omitted for every SKU rather than guessed.

Calories, barcode/GTIN, karnataka_mrp: none of these fields appeared on any fetched page for any beer SKU, so they are omitted rather than fabricated.

Brewery field: only inferred where the product description text explicitly named a manufacturer (e.g., Kingfisher pages explicitly say ""manufactured and marketed by United Breweries Ltd.""; Amstel Grande page mentions Dutch heritage and ""UBL's slow-brewing technique,"" implying United Breweries as the Indian brewer/licensee — this is a direct quote from the page, not my inference, though the causal link to ""brewery"" is a light inference). For Bira, London Pilsner, Tuborg, and the Effingut SKUs, no explicit brewery/manufacturer name was stated on the page, so ""brewery"" is omitted or noted as inferred from page text only.

Confidence levels: Medium was assigned to the 6 SKUs where I fetched and read the actual individual product detail page (name, description, per-size prices, brand, country all directly observed). Low was assigned to the 4 Effingut SKUs because I only saw them on a category *listing* page (name, price, size, ""ADD TO CART"" block) and did not fetch/verify an individual product detail page for them — style/brand were inferred from the surrounding category context (Domestic > Mild) rather than confirmed on a dedicated page. All prices are Medium/Low confidence specifically as ""Mumbai/Pune list price observed in an archived snapshot on a specific date,"" NOT as ""current Karnataka price"" — I have zero evidence of Karnataka pricing existing anywhere on this site, live or archived. Nothing in this response was fabricated; every price, size, and URL was read directly from a fetched page (live curl attempt on 2026-08-05, or a specific dated web.archive.org snapshot as cited in each SKU's last_verified_note)."
"catalog-extraction (live, this session)",Tonique (tonique.in / bengaluru.tonique.in),https://www.tonique.in,0 SKUs extracted this session,,,,,,"SUMMARY OF WHAT I ACTUALLY DID: Used WebFetch (an AI-summarizing fetch tool, not raw HTML retrieval) and a real Chromium browser (mcp__plugin_browser_browser) to load pages, plus DuckDuckGo HTML search results.

=== Tonique (tonique.in, bengaluru.tonique.in) — VERIFIED via WebFetch, Medium confidence on existence, no SKUs found ===
tonique.in loaded successfully. It describes itself as ""Asia's largest liquor boutique,"" 1,500+ brands, with physical stores in Hyderabad, Bangalore, and Pune. It shows a ""Beers"" category icon/link but NO individual beer product listings, brand names, sizes, ABV, or prices anywhere on the homepage or on bengaluru.tonique.in (a location-specific microsite with only About/Gallery/Contact sections, phone 080-41303232, email itsupport@tonique.in). This is a landing/marketing page, not an e-commerce catalogue — I could not find a shop or product-listing URL anywhere in its navigation. CONCLUSION: Tonique appears to be a real physical liquor retail chain (Medium confidence — corroborated by an independent LBB.in article calling Tonique ""Asia's biggest liquor store"" in Shivajinagar, Bengaluru), but it has no publicly browsable online beer SKU catalogue that I could find. I did NOT fabricate any product data for it — zero SKUs are reported for this source, as instructed.

=== Booozie.com — DEAD / PARKED DOMAIN (High confidence) ===
Search results named ""Booozie"" (""India's first 10-minute liquor delivery service"") at www.booozie.com/home/catalogue. I navigated an actual browser to https://www.booozie.com/home/catalogue and it redirected to a GoDaddy ""domain parked"" placeholder page (booozie.com is parked, for sale, courtesy of GoDaddy.com). This site is NOT currently operating. No product data exists to extract.

=== Talli Drinks (tallidrinks.com) — VERIFIED via WebFetch + browser, but service area is Mumbai/Thane, NOT Bangalore ===
Found via DuckDuckGo search for ""Bangalore beer home delivery online."" IMPORTANT CAVEAT: the site's own page title (read directly via browser) is ""Kingfisher Strong Beer Price ₹190 | 8% ABV | Buy Online Mumbai & Thane | Talli Drinks"" — i.e., this retailer explicitly serves Mumbai & Thane, not Bangalore/Karnataka. I'm reporting its SKUs anyway since the user asked to report ""any other prominent... liquor delivery site discovered,"" but flagging clearly that it is NOT a Karnataka source. Reported below under a separate source entry.

=== Beer Basket (beerbasket.in) — VERIFIED via browser; URL claims ""Bengaluru"" but footer explicitly EXCLUDES Karnataka ===
Found via DuckDuckGo search ""Bangalore beer home delivery online liquor."" The site has a marketing landing page at https://beerbasket.in/alcohol-home-delivery-in-bengaluru/ mentioning ""Beer, Whiskey, Wine... Home Delivery in Bengaluru in under 60 minutes."" However, when I navigated a real browser to actual product pages (beerbasket.in/product/corona-extra/ and /product/tuborg-strong/) and read the page content directly (not just WebFetch summary), the site-wide footer ""DELIVERY DETAILS"" section explicitly states: ""DELIVERY IN TELANGANA, TAMIL NADU, KERALA, GURUGRAM, MAHARASHTRA, ODISHA & PUNJAB ONLY"" — Karnataka/Bengaluru is NOT listed among actual delivery states, contradicting the marketing landing-page URL slug. This is a directly observed contradiction, High confidence that the /bengaluru/ landing page is likely stale/legacy SEO content and the service may not currently deliver there. Reported below as a source with this caveat prominent.

Other candidates found via search but not usable: onlinealcohol.in (page loaded but had no individual product listings, only category nav — WebFetch returned empty/no extractable SKU data); stayrunners.com (24-hour alcohol delivery aggregator, not investigated further — low relevance); fooddy.in blog (an informational article, not a retailer, naming Swiggy/Zomato/Dunzo/Zepto as apps that carry alcohol delivery in Bangalore, but I did not fetch those apps' catalogues as they are not liquor-specific retail sites and would require app/login access).

All prices/ABV/sizes below were read directly from live page content (via browser accessibility-tree extraction or WebFetch) — not guessed. Where a field wasn't visible on the page, I omitted it rather than inventing it."
"catalog-extraction (live, this session)",United Breweries Limited (unitedbreweries.com) — official brand pages,https://www.unitedbreweries.com/our-brands,22 SKUs extracted this session,,,,,,"unitedbreweries.com sits behind an interstitial ""Age Gate"" (Drupal form requiring DOB + country, POSTed to /age-gate/1) fronted by Cloudflare — the bare domain (no ""www"") returns Cloudflare error 1016 and the apex `unitedbreweries.com` does not resolve via normal DNS in this sandbox (had to use --resolve with the Cloudflare IP found via `dig`). I fetched https://www.unitedbreweries.com/ directly via curl, identified the age-gate Drupal form fields (dob_day/dob_month/dob_year/country/form_build_id/form_id), and submitted a valid POST (DOB 15/06/1990, country=IN) which redirected to /homepage and set the age-verification cookie — this is a real HTTP form submission, not fabricated data, and it succeeded (verified via HTTP 302 redirect and subsequent 200 responses). After that I fetched with the session cookies: the homepage, /our-brands (hub), and every individual brand page under /our-brands/iconic-brands/* (Kingfisher Premium, Strong, Ultra, Ultra Max, Ultra Witbier, Lemon Masala, Mango Berry Twist, Amstel Grande), plus /our-brands/other-brands, /our-brands/our-non-alcoholic-brands, and /our-brands/international-business. All of these were loaded and read directly (verified, not inferred). kingfisherworld.com does NOT belong to Kingfisher/UB — DNS resolves it to an unrelated site (""GemGP by VitalGems — General Practitioners Solutions"", a Dutch healthcare app), so I did not use it as a source. I did not find any downloadable PDF catalogue of the beer product lineup on unitedbreweries.com — the only PDFs found on the homepage are investor-relations documents (quarterly results press release, sustainability/ESG report, annual report), not a product catalogue. No calorie information is published anywhere on the fetched pages. ABV is stated only for Kingfisher Strong, and only as a range (""between 5% and 8%""), not a fixed per-SKU number — this reflects that Kingfisher Strong's actual ABV varies by Indian state due to differing state excise regulations, so the site itself does not commit to one number. No MRP/price data is published on unitedbreweries.com (consistent with the instruction to source retail price elsewhere) — none was recorded here. Heineken Original and Heineken Silver appear on UBL's brand portfolio hub page but their ""Explore"" links route off-site to heineken.com/in rather than to a unitedbreweries.com product page, so their ABV/size/calorie claims are not present on UBL's own site (marked Medium confidence, sourced to heineken.com/in URLs actually observed in the page's HTML). Package sizes for each Kingfisher/Amstel SKU were read directly from the repeated product-name + size text blocks near the bottom of each brand page (e.g. ""Kingfisher Premium 500 ml Can Kingfisher Premium 500 ml Can Kingfisher Premium 650 ml Kingfisher Premium 650 ml Kingfisher Premium 330 ml Kingfisher Premium 330 ml"") and cross-checked against the corresponding product image filenames (e.g. kingfisher-premium-330ml-new.png), which matched. All source URLs listed were pages I actually loaded and read the HTML of on 2026-08-05; none are guessed."
"catalog-extraction (live, this session)","bira91.com (official Bira 91 beer brand website, via live fetch attempt + Wayback Machine archives)",https://bira91.com/,12 SKUs extracted this session,,,,,,"LIVE SITE STATUS (verified directly, High confidence on this specific fact): As of 2026-08-05, https://bira91.com/ does NOT serve the Bira 91 beer content. A direct HTTPS fetch returns a TLS certificate mismatch (cert is issued to *.ksmart.live, not bira91.com), and when fetched anyway over HTTP the server returns a stock 'Apache2 Ubuntu Default Page' — i.e., the domain currently points to a misconfigured/parked server, not the brand's real site. I verified this with both the WebFetch tool (which refused due to cert mismatch) and raw curl (which bypassed the cert check and got the Apache default page, HTTP 200, Content-Length 10671, Last-Modified Nov 2024, ETag matching the default Ubuntu Apache page). robots.txt returned empty/no content.

Because the live site is non-functional, all real product data had to be reconstructed from the Internet Archive Wayback Machine (web.archive.org), which is an independent third party's archived copies of the real bira91.com — not a live/current fetch. I confirmed via the Wayback CDX API that:
- The site was healthy and serving a proper Bira91 product site as recently as 17 Oct 2025 (HTTP 200), but by 8/10/18 Nov 2025 www.bira91.com started returning 503 errors, and the last successful full-page snapshot (3 Aug 2025 / then Oct 2025) showed the page had been reduced to just an ""Age Gating"" splash screen (title: ""Bira | Age Gattting"" [sic]) with no product content rendered in static HTML (content is likely JS-driven and wasn't captured).
- Detailed per-product pages with actual specs (ABV, ingredients, package sizes) only exist in archive snapshots from 2018 (a simpler 5-SKU site: White, Strong, Blonde, Light, IPA) and in 2023-2024 snapshots of a later redesign that added many more SKUs (Rise, Gold, Blonde Summer Lager, Boom/Boom Classic, Malabar Stout, IPA brewed with Pomelo, Superfresh White Citrus/Mango/Berry) but for which the archived HTML only preserved a lineup/nav grid (names + short taglines) and not the numeric ABV/calorie detail blocks — those appear to be injected by JavaScript that the Wayback Machine's static crawler did not capture.

CONFIDENCE AND METHOD NOTES:
- High confidence: the live-site status (broken/cert-mismatched/serving default Apache page) — directly observed today.
- Medium confidence: the 2018-era 5-SKU lineup (White 4.7% ABV / Strong 7% / Blonde 4.7% / Light 4% / IPA 7%), package sizes, and Light's calorie claim — directly read from archived HTML of the dedicated per-product pages, but the source itself is 6-8 years old and the 2024 snapshot shows the lineup and even some ABV/positioning had changed (e.g., 'Strong' and original 'IPA' don't appear by those exact names in the 2024 nav; Light's calorie count differs, 90 vs 80 calories, between the two eras' pages, an internal inconsistency I flagged rather than resolved).
- Low confidence: the newer 2023-2024 SKUs (Rise, Gold, Blonde Summer Lager, Boom, Malabar Stout, IPA brewed with Pomelo, Superfresh White Citrus/Mango/Berry) — I only recovered product names and one-line taglines from a lineup grid; no ABV, calories, or package size could be found for these in any page I could load, and I explicitly avoided guessing values for them (per the no-fabrication rule).
- Karnataka availability: NOT mentioned anywhere on bira91.com in any version I could access (2018 per-product pages, 2024 lineup pages, or the current broken site). I found no state-availability, ""find near you"", or store-locator content referencing Karnataka on the brand's own domain. This should be reported as ""not found / not confirmed on-site"" rather than assumed true or false.
- Barcode/GTIN, Karnataka MRP, and calorie data for any SKU beyond Light were not present on any bira91.com page I could retrieve, so those fields are omitted rather than guessed, per instructions.
- I could not access an authenticated or JS-rendered version of the current site (no browser-automation tool was available in this session besides basic fetch/curl), so it's possible the live site (when functioning normally, e.g. on a different day) contains additional or updated product/Karnataka-availability information not reflected in the static archived captures I used."
"catalog-extraction (live, this session)",AB InBev India official website (abinbevindia.in),https://abinbevindia.in/our-brands/,7 SKUs extracted this session,,,,,,"Global ab-inbev.com (the Belgium-HQ investor/corporate site) returned HTTP 200 and I fetched it directly via curl; its /our-brands page confirmed the brand roster (Budweiser, Budweiser Zero, Budweiser Magnum, Corona, Corona 0.0, Hoegaarden) and linked out to per-brand global sites (budweiser.com — 403 blocked; budweiserapac.com — 200 but China-focused, no India product SKUs; hoegaarden.com — 200, EU/global consumer site, no India-specific SKU data found; coronausa.com referenced only, not fetched). www.budweiserindia.com and ab-inbev.in (as literally requested) do NOT resolve (DNS NXDOMAIN) — they do not appear to exist; I did not fabricate content for them. The real, working India-specific official AB InBev site I found and used is https://abinbevindia.in (confirmed via Google search result labelled 'ABInBev abinbevindia.in' and independently verified as a live abinbevindia.in domain registered to the company, serving a WordPress site with an age/location consent gate). I bypassed the interstitial by setting the site's own client-side consent cookie (user_consented=yes, as defined in the page's own JS) via curl — a legitimate reproduction of clicking 'Enter' after selecting a state and DOB, not a security bypass. Using this cookie I fetched real HTML for /budweiser/, /budweiser-magnum/, /budweiser-0-0/, /budweiser-0-0-green-apple/, /budweiser-beats/, /corona/, /hoegaarden/, and /our-brands/, plus queried the site's public WordPress REST API (wp-json/wp/v2/pages) to enumerate all page slugs, confirming these are the only Budweiser/Corona/Hoegaarden beer product pages that exist on the site (there is no separate Corona Cero, Corona Light, Budweiser Select, or Hoegaarden Rosee page — only the ones listed). The site is a marketing/brand-story site, not an e-commerce or spec-sheet site: it consistently publishes 'Country of origin', 'Style', 'Tasting Notes', and sometimes 'Suggested Glassware' for each product, but never ABV%, calories, package sizes (ml/L), barcodes/GTINs, images with legible label specs, or Karnataka MRP/pricing for any SKU — I searched the raw HTML of every fetched page for ABV/%/ml/L/calorie/kcal patterns and found none (only unrelated CSS percentage values). I therefore omitted these fields entirely for every SKU rather than guess, per instructions. I did not use a real browser render/screenshot of the age-gate-passed pages (only raw HTML fetch via curl with the consent cookie), so JS-only content (if any) below the fold could theoretically be missed, though the static HTML already contained full page text and images. I also could not verify Karnataka-specific MRP for any SKU on any site (no retail/e-commerce India beer pricing site was in scope of the official-brand-site instruction, and no official AB InBev page publishes MRP)."
"catalog-extraction (live, this session)",Carlsberg India (carlsbergindia.com) and Carlsberg Group global brand catalog (carlsberggroup.com),https://carlsbergindia.com/our-products/beers-you-love/ and https://carlsberggroup.com/beers-you-love/,10 SKUs extracted this session,,,,,,"Successfully accessed and directly loaded (both via WebFetch and via raw curl to capture full HTML for grep verification) the following real, working URLs on carlsbergindia.com, all returning HTTP 200: the homepage (https://carlsbergindia.com/), /our-products/beers-you-love/, /our-products/other-products/, and individual product pages at /products/carlsberg/carlsberg-smooth/, /products/carlsberg/carlsberg-elephant/, /products/tuborg/tuborg-green/, /products/tuborg/tuborg-strong/, /products/tuborg/tuborg-classic-with-scotch-malts/, /products/tuborg/tuborg-ice-draft/, and /products/1664/1664-blanc/. These pages give beer type/style, country of origin, launch year, brief description, and SKU/package sizes -- but NONE of them publish ABV values anywhere on the India site.

For ABV, I cross-checked the global Carlsberg Group brand catalog at carlsberggroup.com (canonical path /beers-you-love/; the /brands/ path redirects there). I paged through all 15 pages of its ~705-result worldwide catalog via curl (?p=1 through ?p=15, all HTTP 200) and located name-matching entries with explicit Beer Type / ABV / Brand Origin fields in the HTML for: Carlsberg Elephant, Carlsberg Smooth Draught (name partially matches 'Carlsberg Smooth'), Tuborg Green, Tuborg Strong, Tuborg Classic With Scotch Malts, and 1664 Blanc.

IMPORTANT CAVEAT: the global catalog is NOT India-specific -- matches were made by product name and cross-checked against 'Brand Origin' or an India-flagged image filename where possible. For 'Tuborg Classic With Scotch Malts' the matched entry's image URL contains 'in_tuborg-classic-bottle.png', a fairly strong signal it IS the India SKU (marked High confidence). For 'Carlsberg Smooth', the only name match was 'Carlsberg Smooth Draught' with Brand Origin = Malaysia, conflicting with the India product -- so its ABV was NOT reported as a fact for the India product, only noted as an unconfirmed possibility. For Tuborg Strong, the global entry's origin (Denmark) conflicts with the India site's stated India origin -- flagged as a discrepancy, ABV kept as Medium confidence. Tuborg Ice Draft could not be found by name anywhere across all 15 pages of the global catalog, so its ABV is reported as unknown rather than fabricated.

No retailer/excise site (e.g., Karnataka MRP listings) was checked since no state was specified in the task and no such source was found via the searches performed -- karnataka_mrp, barcode, gtin, and calories fields are omitted entirely for all products since no verified source was found. No login, CAPTCHA, or robots.txt block was encountered on either domain. Every fact reported is either (a) directly read from a fetched page (High confidence, unambiguous) or (b) cross-matched by name between two real pages, explicitly labeled as inference with Medium confidence and the reasoning/discrepancy stated in each 'last_verified_note'. No fact was invented; unverifiable fields (image_url, calories, barcode, gtin, karnataka_mrp) are omitted or marked unknown rather than guessed."
"catalog-extraction (live, this session)",Heineken.com — Official Heineken India product pages (heineken.com/in/en/our-products),https://www.heineken.com/in/en/our-products,5 SKUs extracted this session,,,,,,"Successfully fetched and read raw HTML (via curl with a browser User-Agent, HTTP 200) for the official Heineken India site at heineken.com/in/en/our-products and its five sub-pages: heineken-original, heineken-silver, heineken-0-0, draught-beer, and the-can. All ABV, calorie, and package-size facts reported as 'High' confidence were extracted directly from quoted text or image alt attributes found in that raw HTML (verified, not inferred). WebFetch's rendered-markdown pass on the same URLs also surfaced this content and matched the raw-HTML findings. I could NOT reach www.heinekenindia.com (DNS failure — domain does not resolve) and did not find a distinct 'Heineken India' distributor-specific brand site; unitedbreweries.com (India's UB, part of the Heineken group) only presented an age-gate wall with no product listing content accessible without interaction, so it was not usable as a source. Google/Bing web-search fetches returned no usable content (search result pages themselves, not indexable via WebFetch); DuckDuckGo HTML search (via WebFetch, after following one redirect) did surface a useful set of candidate URLs including the correct heineken.com/in product pages, which I then fetched directly and verified independently — that search-result summary itself is not cited as a factual source, only as a discovery aid. One additional SKU (Heineken Silver Draught) is sourced from a third-party trade publication (brewer-world.com) since no official page for that specific India-launched variant was found on heineken.com; this is flagged Low confidence accordingly. No GTIN/barcode, Karnataka MRP, or official product photography URLs were found on any verified source, so those fields are omitted for all SKUs rather than fabricated. No robots.txt block was encountered on heineken.com; no login/geolocation gate blocked the India-locale product pages."
"catalog-extraction (live, this session)","Multi-source: Simba (simbabeer.com), Geist Brewing (geist.in), Toit (toit.in), Arbor Brewing Company India (arborbrewing.in)",https://www.geist.in/retail,17 SKUs extracted this session,,,,,,"CONNECTIVITY: drinksimba.com, simba.co.in, geistbrewing.com, and arborbrewingbangalore.com as literally given in the task did NOT resolve/connect from this environment (DNS/connection failures via curl, dig, and WebFetch — confirmed with multiple tools and retries). These appear to be incorrect or outdated domains. I found and used the brands' actual live, working websites instead, verified as the real corresponding brands via their own page content (brewery name, address, social handles) and via secondary confirmation (web search snippets): (1) Simba beer -> https://simbabeer.com (live, HTTP 200; historical Wayback Machine snapshots also confirm this is 'Simba Beer' brewed/bottled by Sona Beverages Pvt. Ltd., not to be confused with simba.co.in which Wayback snapshots show is 'Simba Advertising', an unrelated Delhi ad agency — I explicitly did NOT use simba.co.in data as authoritative for the beer brand and flag any inference drawn from it as Low confidence). (2) Geist Brewing -> https://www.geist.in (live, HTTP 200; JSON-LD confirms 'Geist Brewing Co.', Old Madras Road, Bangalore, Karnataka). (3) Toit -> https://toit.in (live, HTTP 200; the task's target domain, worked directly). (4) Arbor Brewing Company Bangalore -> https://www.arborbrewing.in (live, HTTP 200; confirms 'Arbor Brewing Company India... Est. 2012', Magrath Road, Ashok Nagar, Bengaluru, Karnataka address). All product/price/ABV/style facts reported were extracted by directly fetching and grepping/parsing raw HTML (not solely relying on the WebFetch tool's LLM summarization layer, which I found produced some unreliable or inconsistent readings on first pass — e.g. it initially mis-surfaced CSS/SVG numeric noise as ABV/size data, which I caught and discarded by inspecting raw HTML myself). For Simba, no live page (including images/media/about/find-simba) discloses ABV, package size, price, or MRP in text; the /our-beers/ sub-pages (light [titled 'Lager'], strong, wit, stout) show only marketing copy, tasting-note flavor tags, and bottle product photography, with no numeric spec data. I supplemented Simba with a third-party price-aggregator site (liquorsprice.com) via WebFetch for illustrative ABV/size/price ranges, but I flag these explicitly as unverified secondary-source claims, not confirmed against the brand's own site, per the task's anti-fabrication rule. For Toit, ABV values ARE published per-beer on the brand's own site (verified in raw HTML) but package size and MRP are NOT — the site only makes a generic, brand-wide claim ('available in partner bars and at an MRP store near you') without SKU-level packaging/pricing detail, so I omitted those fields rather than guessing. For Geist, package size (500ml crowler) and Karnataka MRP ARE published per-SKU for exactly 4 beers (James Blond, Uncle Dunkel, Kamacitra, Witty Wit) at https://www.geist.in/retail, explicitly scoped to 'select retail stores in Bangalore' (Karnataka) and Pondicherry — this is the strongest, most directly verified retail-SKU dataset found across all four brands. For Arbor, the brand's own homepage explicitly and unambiguously states its canned/retail beers are sold ONLY in Goa, while its Bangalore (Karnataka) presence is taproom/draft-only — this is a clean, well-documented example of the retail-vs-taproom distinction the task asked me to enforce, so I included those two canned beers but flagged them as NOT Karnataka retail SKUs. I did not attempt browser-based JS rendering (the MCP browser tool was unavailable/timed out in this environment) but was able to get complete data via raw HTML fetch + regex/JSON-LD parsing for Geist and Arbor (both JS-framework sites, Webflow and Wix respectively) because critical content was present in server-rendered HTML/structured data. I could not access barcodes/GTINs, calorie counts, or product image URLs for most SKUs from these sources, and have omitted those fields entirely rather than fabricate them."
"catalog-extraction (live, this session)","Madhuloka (Karnataka liquor retail chain, CL5-licensed) — madhuloka.com online shop, Beer category",https://www.madhuloka.com/shop/category/beer-3,16 SKUs extracted this session,,,,,,"SUMMARY OF WHAT WAS ACTUALLY ACCESSED AND VERIFIED (2026-08-05, live fetches via curl, no login required, static/server-rendered HTML — no JS rendering engine was needed):

1. METRO CASH & CARRY INDIA (metrowholesale.co.in) — VERIFIED PRESENCE, NO BEER FOUND.
   - Fetched https://www.metrowholesale.co.in/ (HTTP 200) and https://www.metrowholesale.co.in/outlets.html (HTTP 200). Confirmed multiple real Metro Cash & Carry stores in Bangalore/Karnataka by store name and address, e.g. ""Bengaluru-Yeshwanthpur"" (Survey No. 26/3, Subramanyanagar, Bengaluru, Karnataka 560055), ""Bengaluru-Kanakapura Road"" (560062), a store on Hosur Main Road (560100), Binny Pet (560023), and ""Shantinagar Banglore"" (560027) — all pulled directly from the outlets.html page's embedded store-locator JSON. Confidence: High (directly observed store data with lat/long and addresses).
   - Fetched the ""cold-beverages.html"" category page (HTTP 200) and ""product-world.html"" (HTTP 200) — these list Metro's beverage/product categories (colas, juices, energy drinks, water, syrups) with NO mention of beer, alcohol, or liquor anywhere in the page text. Confidence: High that Metro's public wholesale website, as currently structured, does not have a public ""beer"" category or online catalogue with beer SKUs/prices.
   - Downloaded and text-extracted two real catalogue PDFs linked from metrowholesale.co.in: ""METRO-Cash-Carry-India-Bandhan-Elite-Catalog-May-2024-Bangalore.pdf"" (5 pages) and ""METRO-Cash-Carry-India-Beat-the-Heat-Catalogue-May-2024-Bangalore.pdf"" (18 pages, 58MB). Searched extracted text for beer/brand keywords (beer, Kingfisher, Budweiser, Carlsberg, Heineken, lager) — zero matches in either. Confidence: High that these two specific catalogues contain no beer SKUs (they appear to be grocery/general-merchandise catalogues).
   - Could not find any working metro.co.in PDF catalogue link (the ones surfaced by search, e.g. metro.co.in/pdf/sco-catalogue/.../Bangalore.pdf, returned HTTP 000 / connection failure when fetched directly).
   - Did not find any metro-online.com or similar transactional e-commerce/ordering portal for Metro India that was reachable (attempted fetch of metro-online.com failed to connect).
   - CONCLUSION (inference, not directly confirmed by an official statement): Metro Cash & Carry India is a B2B/wholesale operator (Trader/HoReCa/SCO customer model per its own site text) and its public website does not expose an online beer catalogue with prices. It is plausible Metro sells alcohol through separate, license-gated in-store or B2B channels not exposed on the public marketing site, but I found no direct evidence either way — this is an information gap, not a confirmed ""Metro doesn't sell beer"" fact.

2. MADHULOKA (madhuloka.com) — ALTERNATIVE KARNATAKA RETAILER WITH REAL, LIVE BEER SKUs AND PRICES.
   - This is NOT the ""large-format supermarket chain"" the user asked about (it's a dedicated liquor retail chain, ""Madhuloka — The Liquor Boutique""), but it is a real Karnataka-based retailer with multiple Bengaluru physical stores (HSR1, HSR2, Rajajinagar, Brookfield — addresses verified by direct fetch of https://www.madhuloka.com/storelocation, HTTP 200) and a live e-commerce catalogue built on Odoo (mtlb.odoo.com backend, confirmed via canonical URLs embedded in the pages) that publicly lists beer SKUs with prices in INR — no login required.
   - Fetched the Beer category listing (https://www.madhuloka.com/shop/category/beer-3, HTTP 200) and page 2 (https://www.madhuloka.com/shop/category/beer-3/page/2, HTTP 200), which show ~20 SKUs per page (5 pages total, ~90+ SKUs) with prices displayed directly in the page text (e.g., ""KF PREMIUM BOTTLE ₹ 110.00"", ""HAYWARDS 5000 ₹ 145.00"").
   - For higher confidence, individually fetched several product detail pages (each HTTP 200) which additionally show Brand and Size fields: Kingfisher Premium Bottle (650ml, ₹110), Haywards 5000 (650ml, ₹145, brand ""Ab Inbev""), Budweiser Premium Bottle (650ml, ₹205), Budweiser Magnum Bottle (650ml, ₹250), Knock Out Bottle (650ml, ₹175), Hoegaarden Rosee Tin (500ml, ₹140), Simba Roar Strong (500ml, ₹135, brand ""Sona Beverages""), KF Strong Tin (500ml, ₹140), UB Premium Bottle (650ml, ₹135).
   - Site notes ""CL5 license"" language (""choose Madhuloka for your party orders with your CL5 license"") suggesting delivery is tied to bulk/CL5-licensed institutional buyers, not necessarily open retail home-delivery for the general public — this nuance was directly read from the page text (High confidence it's stated) but I did not verify the actual legal delivery mechanics.
   - IMPORTANT CAVEAT: Product pages show ""Not Available For Sale"" / ""This combination does not exist"" near the price block — this could mean the specific web variant/combination shown wasn't purchasable online at fetch time (stock/config issue), even though price and product data are displayed. I flagged this as observed text but did not resolve what it implies about live purchasability.
   - No ABV, GTIN/barcode, or calorie data was found on any product page — those fields are consistently omitted below rather than guessed.

3. OTHER LARGE-FORMAT RETAILERS CHECKED — NO BEER FOUND / NOT ACCESSIBLE.
   - More Supermarket (more.in, app.more.in): fetched both (HTTP 200), full-text keyword search for ""beer"", ""alcohol"", ""liquor"" returned zero matches on the homepage. No evidence found that More sells beer online. Confidence: Medium that More's public site has no beer catalogue (only checked homepages, not full site).
   - Searched (via DuckDuckGo HTML search, not a live browse) for general Bangalore online-alcohol-delivery context to sanity-check the retail landscape — found sites like beerbasket.in, onlinealcohol.in, Zomato's beer delivery listings, and KSBCL (Karnataka State Beverages Corporation, the state's own wholesale/retail liquor monopoly body) — but did NOT deep-fetch beerbasket.in's actual SKU/price list (only fetched its Bangalore delivery landing page for descriptive text, no SKU table found there) and did not fetch KSBCL's own price list (ksbcl.karnataka.gov.in) live in this session — these are named only as leads, not verified sources, and are excluded from the SKU table.

METHOD NOTE: All fetches were done via `curl` with a browser-like User-Agent directly from the sandbox (confirmed outbound internet access via a 200 response from google.com); no JavaScript rendering was needed since Madhuloka's Odoo storefront and Metro's site both serve server-rendered HTML with the data already present in the initial response. No search-engine ""snippet"" text was used as a substitute for a real fetch — every fact in the SKU table above was pulled from the actual fetched page content of madhuloka.com, not inferred from search results.

CONFIDENCE LEGEND: ""High"" = price AND size/brand independently confirmed by opening that exact product's own detail page. ""Medium"" = price/name confirmed only from the category listing page (no separate detail-page fetch), or a field was self-reported by the site but not cross-checked. ""Low"" = ambiguity in the source data itself (e.g., multiple same-name entries with different prices) that I could not resolve without further fetches."
"catalog-extraction (live, this session)",Open Food Facts (world.openfoodfacts.org),https://world.openfoodfacts.org/api/v2/search?categories_tags=beers&countries_tags=india,11 SKUs extracted this session,,,,,,"Accessed Open Food Facts purely via its public JSON APIs (v2 /api/v2/search, /api/v2/product/{barcode}.json, and the legacy /cgi/search.pl) using curl with a custom User-Agent — no JS rendering, login, or location was required; the API returns raw JSON directly. Primary query used was https://world.openfoodfacts.org/api/v2/search?categories_tags=beers&countries_tags=india&page_size=100, which returned 20 total results (count=20). I then fetched each individual product's full record via /api/v2/product/{code}.json to verify fields before including it. I also ran targeted brand searches (brands_tags= and free-text search_terms=) for Kingfisher, Tuborg, Budweiser, Bira, Bira91, Carlsberg, Simba, White Owl, Godfather, Knock Out, Royal Challenge, and Haywards 5000. IMPORTANT CAVEAT: the OpenFoodFacts server returned HTTP 503 'Page temporarily unavailable' (rate-limiting) on a large fraction of requests despite waiting 5-20s between calls; I retried until I got HTTP 200 for the queries listed above, but several brand searches (Carlsberg, Bira91 as its own tag, Simba, White Owl, Godfather, Knock Out, Royal Challenge Beer) ultimately returned zero results even after successful 200 responses — meaning either these brands genuinely have no entries in OFF, or my searches didn't match how they're tagged there. I cannot rule out that additional Indian beer SKUs exist in OFF under different brand-tag spellings that I did not find given the rate limiting. From the categories_tags=beers+countries_tags=india result set, several entries were miscategorized/non-beer (a Cloud9 energy drink, a Cadbury chocolate bar, a Mapro mojito syrup, several French/Belgian abbey beers and a Cambodian 'Anchor White' beer that only spuriously carry an 'en:india' country tag) — I excluded those from the final list as not genuinely Indian beer SKUs. Every remaining entry I did include has data-quality problems typical of crowdsourced OFF data (missing brand fields, placeholder/garbled product names like 'P', 'beer', 'Boom', 'the originl') — I flagged each such issue explicitly in its last_verified_note rather than guessing the 'real' intended name. No ABV, calorie, or nutrition-per-serving data was found populated for any actual beer product across this whole search — those fields are omitted (not fabricated) for every SKU. No karnataka_mrp, manufacturer_url, or price data was found on Open Food Facts (it is not a retail/pricing database), so those fields are omitted throughout."
